"","RSD"
"DEGHDPVHESPVDTA",0.091895
"DPVHESPVDT",0.149059
"DPVHESPVDTA",0.104887
"ELDQLLHY",0.118988
"FNPYFDPL",0.108556
"GRGREPGAYPALDSRQE",0.078258
"LDEGHDPV",0.19964
"LDEGHDPVHESPV",0.134916
"LLDEGHDPVHESPVD",0.135537
"LLDEGHDPVHESPVDT",0.083853
"LLDEGHDPVHESPVDTA",0.262415
"NPYFDPLQWKNSDFE",0.295163
"PVHESPVDTA",0.09833
"Q..17.03.KIAEKFSQ",0.328814
"Q..17.03.KIAEKFSQR...98.",0.111441
"SEES..79.97.QEKEY",0.086379
"PESAFSE",0.113901
"AGTQESVDSAKP",0.162937
"AGTQESVDSAKPRVY",0.131213
"EGFFRLT",0.078591
"ESVDSAKPRVY",0.192282
"GTQESVDSAKPRVY",0.133717
"LVQLAGTQESVDSAKPRVY",0.179137
"SVDSAKPRVY",0.14378
"TQESVDSAKPRVY",0.057632
"VQLAGTQESVDSAKP",0.126883
"VQLAGTQESVDSAKPR",0.137744
"VQLAGTQESVDSAKPRV",0.174185
"VQLAGTQESVDSAKPRVY",0.086614
"AEAFPLEF",0.1017
"AEEETAGGDGRPEPSP",0.085819
"AEEETAGGDGRPEPSPR",0.086465
"AEEETAGGDGRPEPSPRE...98.",0.070255
"EAFPLEF",0.172213
"EEETAGGDGRPEPSPRE...98.",0.061089
"EETAGGDGRPEPSPRE...98.",0.213345
"ELEGEQPD",0.071841
"FMTSEKSQTP",0.121676
"GPYRVEHF",0.158576
"GPYRVEHFRWGNPPKD",0.304735
"KYVMGHF",0.085863
"KYVMGHFRWD",0.03749
"R..42.01.PVKVYPNVAENESAEAFPLEF",0.209737
"RAEEETAGGDGRPEPSPRE...98.",0.165484
"RPVKVYPNVAENE",0.1559
"RPVKVYPNVAENES..79.97.AEAFPLE",0.049965
"RPVKVYPNVAENES..79.97.AEAFPLEF",0.129895
"RPVKVYPNVAENESAEAFPLE",0.075585
"RPVKVYPNVAENESAEAFPLEF",0.076605
"RRPVKVYPNVAENESAEAFPLEF",0.161936
"S..42.01.MEHFRWGKPV...98.",0.062325
"S..42.01.YSMEHF",0.033151
"S..42.01.YSMEHFRWGKPV...98.",0.061018
"SAEAFPLEF",0.083056
"SMEHFRWGKPV...98.",0.120536
"SYSMEHF",0.134854
"SYSMEHFRWGKPV...98.",0.06457
"TPLVTLF",0.093034
"TPLVTLFKNAIIKN",0.068892
"Y..42.01.GGFM..15.99.TSEKSQTPLVTLF",0.16407
"Y..42.01.GGFMTSEK",0.140384
"Y..42.01.GGFMTSEKSQ",0.125114
"Y..42.01.GGFMTSEKSQTP",0.192706
"Y..42.01.GGFMTSEKSQTPL",0.064152
"Y..42.01.GGFMTSEKSQTPLV",0.154114
"Y..42.01.GGFMTSEKSQTPLVT",0.055564
"Y..42.01.GGFMTSEKSQTPLVTL",0.23016
"Y..42.01.GGFMTSEKSQTPLVTLF",0.491445
"Y..42.01.GGFMTSEKSQTPLVTLFKNAIIK",0.306334
"Y..42.01.GGFMTSEKSQTPLVTLFKNAIIKN",0.403571
"Y..42.01.SMEHFRWGKPV...98.",0.063098
"YGGFMTSEKSQTPLVT",0.206223
"YGGFMTSEKSQTPLVTL",0.198924
"YGGFMTSEKSQTPLVTLF",0.23233
"YGGFMTSEKSQTPLVTLFKNAIIKN",0.201262
"LPGLLLF",0.130173
"LPHLPGLLLF",0.159334
"TPLPELFDRVVML",0.372715
"F..42.01.PAMPLSSLFANAVLRAQHLH",0.223862
"FPAM..15.99.PLSSLFANAVLR",0.312487
"FPAM..15.99.PLSSLFANAVLRAQH",0.127122
"FPAM..15.99.PLSSLFANAVLRAQHLH",0.145978
"FPAMPLS",0.02333
"FPAMPLSS",0.054757
"FPAMPLSSL",0.082236
"FPAMPLSSLF",0.120309
"FPAMPLSSLFA",0.157103
"FPAMPLSSLFAN",0.154174
"FPAMPLSSLFANA",0.223284
"FPAMPLSSLFANAVLR",0.233822
"FPAMPLSSLFANAVLRA",0.195029
"FPAMPLSSLFANAVLRAQ",0.264634
"FPAMPLSSLFANAVLRAQH",0.191379
"FPAMPLSSLFANAVLRAQHLH",0.177768
"FPAMPLSSLFANAVLRAQHLHQ",0.299998
"FPAMPLSSLFANAVLRAQHLHQL",0.363458
"FPAMPLSSLFANAVLRAQHLHQLA",0.198902
"FPAMPLSSLFANAVLRAQHLHQLAA",0.524835
"FPAMPLSSLFANAVLRAQHLHQLAAD",0.218901
"GPVQFLSRIF",0.110337
"PVQFLSRIF",0.098698
"SPRIGQILK",0.107542
"SPRIGQILKQ",0.122094
"TDMELLRF",0.040872
"ASLDKFLASVSTVLTSKYR",0.303365
"FLASVSTVLTSKYR",0.105639
"SLDKFLA",0.055317
"SLDKFLASVSTVLTSKYR",0.256862
"SVSTVLTSKYR",0.074308
"TPAMHASLDKFLASVSTVLTSKYR",0.290272
"VHLTDAEKAAVN",0.061923
"VHLTDAEKAAVNG",0.209109
"AAFQKVVAGVASALAHKYH",0.331612
"AFQKVVAGVASALAHKYH",0.085072
"AQAAFQKVVAGVASALAHKYH",0.104236
"ASALAHKYH",0.137276
"GVASALAHKYH",0.061198
"QAAFQKVVAGVASALAHKYH",0.225849
"VHLTDAEKA",0.200004
"GPNLVARSKEALA",0.062573
"AKVAVLGA",0.171556
"SNRVVDLMAYMASKE",0.17104
"VKVGVNGF",0.137142
"VKVGVNGFGRIG",0.135108
"PHFLYPK",0.054783
"SQENPNTYSEDLDV",0.044723
"YGGFLRKYP",0.030748
"YGGFLRKYPK",0.078781
"YGGFLRRI",0.076929
"YGGFLRRQFKVVT",0.08343
"MDQLAKELT",0.150576
"MDQLAKELTAE",0.14336
"WSRMDQLAKELT",0.161541
"WSRMDQLAKELTAE",0.084525
"NQEQAEQGREHL",0.130538
"Q..17.03.ELGKLTGPSNQ",0.143388
"SVFQELGKLTGPSNQ",0.554403
"YEENSRENPF",0.101293
"YKVNEYQGPVAPSGGFFLFRPRN...98.",0.169984
"Q..17.03.EPGAPAAGM",0.111906
"Q..17.03.EPGAPAAGM..15.99.",0.113687
"A..42.01.AYKLVLIRH",0.094289
"A..42.01.AYKLVLIRHGE",0.138332
"SVNPYLQ...98.",0.146543
"SVNPYLQGKRLDNVV",0.136873
"SVNPYLQGKRLDNVVA",0.060375
"SVPHFSEEEKEPE",0.08305
"VPHFSEEEKEPE",0.136582
"IKMALQQEGFD",0.219707
"PMFIVNTNVPRA",0.224461
"TAYAIYMLAMAAFPKKQN",0.15045
"SAVISLEGKPL",0.07573
"FPKPEGSQD",0.125376
"FPKPEGSQDKSLHN",0.083001
"SLKPEFVDIINAKQ",0.130088
"GRTLYGFGG",0.062766
"RTLYGFGG",0.103949
"TLYGFGG",0.052576
"MQIFVKTL",0.230991
"LLRALASSNARAQQ",0.109228
"AVDQDLGPEVPPENVL...98.",0.086778
"LENSSPQAPA",0.221202
"LENSSPQAPARRLLPP",0.027008
"SLSAASAPLAETSTPL",0.073474
"SLSAASAPLAETSTPLRL",0.064394
"SSEPEAAPAPRRL",0.135517
