Peptide,Accession,org_peptide_name
DEGHDPVHESPVDTA,O35314|SCG1_RAT,DEGHDPVHESPVDTA
DGVAELDQLLHY,O35314|SCG1_RAT,DGVAELDQLLHY
DPVHESPVDT,O35314|SCG1_RAT,DPVHESPVDT
DPVHESPVDTA,O35314|SCG1_RAT,DPVHESPVDTA
ELDQLLHY,O35314|SCG1_RAT,ELDQLLHY
FNPYFDPL,O35314|SCG1_RAT,FNPYFDPL
GRGREPGAYPALDSRQE,O35314|SCG1_RAT,GRGREPGAYPALDSRQE
GVAELDQLLHY,O35314|SCG1_RAT,GVAELDQLLHY
KRLGALFNPYFDPLQWKNSDFE,O35314|SCG1_RAT,KRLGALFNPYFDPLQWKNSDFE
LDEGHDPV,O35314|SCG1_RAT,LDEGHDPV
LDEGHDPVHESPV,O35314|SCG1_RAT,LDEGHDPVHESPV
LGALFNPYFDPLQWKNSDFE,O35314|SCG1_RAT,LGALFNPYFDPLQWKNSDFE
LLDEGHDPVHESPVD,O35314|SCG1_RAT,LLDEGHDPVHESPVD
LLDEGHDPVHESPVDT,O35314|SCG1_RAT,LLDEGHDPVHESPVDT
LLDEGHDPVHESPVDTA,O35314|SCG1_RAT,LLDEGHDPVHESPVDTA
NPYFDPLQWKNSDFE,O35314|SCG1_RAT,NPYFDPLQWKNSDFE
PFSEDVNWGYE,O35314|SCG1_RAT,PFSEDVNWGYE
PVHESPVDTA,O35314|SCG1_RAT,PVHESPVDTA
Q(-17.03)KIAEKFSQ,O35314|SCG1_RAT,Q(-17.03)KIAEKFSQ
Q(-17.03)KIAEKFSQR(-.98),O35314|SCG1_RAT,Q(-17.03)KIAEKFSQR(-.98)
QYDDGVAELDQLLHY,O35314|SCG1_RAT,QYDDGVAELDQLLHY
SEES(+79.97)QEKEY,O35314|SCG1_RAT,SEES(+79.97)QEKEY
YDDGVAELDQLLHY,O35314|SCG1_RAT,YDDGVAELDQLLHY
PESAFSE,P01179|NEU1_RAT,PESAFSE
AGTQESVDSAKP,P01186|NEU2_RAT,AGTQESVDSAKP
AGTQESVDSAKPRVY,P01186|NEU2_RAT,AGTQESVDSAKPRVY
EGFFRLT,P01186|NEU2_RAT,EGFFRLT
ESVDSAKPRVY,P01186|NEU2_RAT,ESVDSAKPRVY
GPARELLLRLVQLAGTQESVDSAKPRVY,P01186|NEU2_RAT,GPARELLLRLVQLAGTQESVDSAKPRVY
GTQESVDSAKPRVY,P01186|NEU2_RAT,GTQESVDSAKPRVY
LVQLAGTQESVDSAKPRVY,P01186|NEU2_RAT,LVQLAGTQESVDSAKPRVY
SVDSAKPRVY,P01186|NEU2_RAT,SVDSAKPRVY
TQESVDSAKPRVY,P01186|NEU2_RAT,TQESVDSAKPRVY
VQLAGTQESVDSAKP,P01186|NEU2_RAT,VQLAGTQESVDSAKP
VQLAGTQESVDSAKPR,P01186|NEU2_RAT,VQLAGTQESVDSAKPR
VQLAGTQESVDSAKPRV,P01186|NEU2_RAT,VQLAGTQESVDSAKPRV
VQLAGTQESVDSAKPRVY,P01186|NEU2_RAT,VQLAGTQESVDSAKPRVY
AEAFPLEF,P01194|COLI_RAT,AEAFPLEF
AEEETAGGDGRPEPSP,P01194|COLI_RAT,AEEETAGGDGRPEPSP
AEEETAGGDGRPEPSPR,P01194|COLI_RAT,AEEETAGGDGRPEPSPR
AEEETAGGDGRPEPSPRE(-.98),P01194|COLI_RAT,AEEETAGGDGRPEPSPRE(-.98)
EAFPLEF,P01194|COLI_RAT,EAFPLEF
EEETAGGDGRPEPSPRE(-.98),P01194|COLI_RAT,EEETAGGDGRPEPSPRE(-.98)
EETAGGDGRPEPSPRE(-.98),P01194|COLI_RAT,EETAGGDGRPEPSPRE(-.98)
ELEGEQPD,P01194|COLI_RAT,ELEGEQPD
FMTSEKSQTP,P01194|COLI_RAT,FMTSEKSQTP
GPYRVEHF,P01194|COLI_RAT,GPYRVEHF
GPYRVEHFRWGNPPKD,P01194|COLI_RAT,GPYRVEHFRWGNPPKD
KYVMGHF,P01194|COLI_RAT,KYVMGHF
KYVMGHFRWD,P01194|COLI_RAT,KYVMGHFRWD
MEHFRWGKPV(-.98),P01194|COLI_RAT,MEHFRWGKPV(-.98)
R(+42.01)PVKVYPNVAENESAEAFPLEF,P01194|COLI_RAT,R(+42.01)PVKVYPNVAENESAEAFPLEF
RAEEETAGGDGRPEPSPRE(-.98),P01194|COLI_RAT,RAEEETAGGDGRPEPSPRE(-.98)
RPVKVYPNVAENE,P01194|COLI_RAT,RPVKVYPNVAENE
RPVKVYPNVAENES(+79.97)AEAFPLE,P01194|COLI_RAT,RPVKVYPNVAENES(+79.97)AEAFPLE
RPVKVYPNVAENES(+79.97)AEAFPLEF,P01194|COLI_RAT,RPVKVYPNVAENES(+79.97)AEAFPLEF
RPVKVYPNVAENESAEAFPLE,P01194|COLI_RAT,RPVKVYPNVAENESAEAFPLE
RPVKVYPNVAENESAEAFPLEF,P01194|COLI_RAT,RPVKVYPNVAENESAEAFPLEF
RRPVKVYPNVAENESAEAFPLEF,P01194|COLI_RAT,RRPVKVYPNVAENESAEAFPLEF
S(+42.01)MEHFRWGKPV(-.98),P01194|COLI_RAT,S(+42.01)MEHFRWGKPV(-.98)
S(+42.01)YSMEHF,P01194|COLI_RAT,S(+42.01)YSMEHF
S(+42.01)YSMEHFRWGKPV(-.98),P01194|COLI_RAT,S(+42.01)YSMEHFRWGKPV(-.98)
SAEAFPLEF,P01194|COLI_RAT,SAEAFPLEF
SMEHFRWGKPV(-.98),P01194|COLI_RAT,SMEHFRWGKPV(-.98)
SYSMEHF,P01194|COLI_RAT,SYSMEHF
SYSMEHFRWGKPV(-.98),P01194|COLI_RAT,SYSMEHFRWGKPV(-.98)
TPLVTLF,P01194|COLI_RAT,TPLVTLF
TPLVTLFKNAIIKN,P01194|COLI_RAT,TPLVTLFKNAIIKN
TPVFPGNGDEQPLTENPR,P01194|COLI_RAT,TPVFPGNGDEQPLTENPR
Y(+42.01)GGFM(+15.99)TSEKSQTPLVTLF,P01194|COLI_RAT,Y(+42.01)GGFM(+15.99)TSEKSQTPLVTLF
Y(+42.01)GGFMTSEK,P01194|COLI_RAT,Y(+42.01)GGFMTSEK
Y(+42.01)GGFMTSEKSQ,P01194|COLI_RAT,Y(+42.01)GGFMTSEKSQ
Y(+42.01)GGFMTSEKSQTP,P01194|COLI_RAT,Y(+42.01)GGFMTSEKSQTP
Y(+42.01)GGFMTSEKSQTPL,P01194|COLI_RAT,Y(+42.01)GGFMTSEKSQTPL
Y(+42.01)GGFMTSEKSQTPLV,P01194|COLI_RAT,Y(+42.01)GGFMTSEKSQTPLV
Y(+42.01)GGFMTSEKSQTPLVT,P01194|COLI_RAT,Y(+42.01)GGFMTSEKSQTPLVT
Y(+42.01)GGFMTSEKSQTPLVTL,P01194|COLI_RAT,Y(+42.01)GGFMTSEKSQTPLVTL
Y(+42.01)GGFMTSEKSQTPLVTLF,P01194|COLI_RAT,Y(+42.01)GGFMTSEKSQTPLVTLF
Y(+42.01)GGFMTSEKSQTPLVTLFKNA,P01194|COLI_RAT,Y(+42.01)GGFMTSEKSQTPLVTLFKNA
Y(+42.01)GGFMTSEKSQTPLVTLFKNAIIK,P01194|COLI_RAT,Y(+42.01)GGFMTSEKSQTPLVTLFKNAIIK
Y(+42.01)GGFMTSEKSQTPLVTLFKNAIIKN,P01194|COLI_RAT,Y(+42.01)GGFMTSEKSQTPLVTLFKNAIIKN
Y(+42.01)SMEHFRWGKPV(-.98),P01194|COLI_RAT,Y(+42.01)SMEHFRWGKPV(-.98)
YGGFMTSEKSQTPLVT,P01194|COLI_RAT,YGGFMTSEKSQTPLVT
YGGFMTSEKSQTPLVTL,P01194|COLI_RAT,YGGFMTSEKSQTPLVTL
YGGFMTSEKSQTPLVTLF,P01194|COLI_RAT,YGGFMTSEKSQTPLVTLF
YGGFMTSEKSQTPLVTLFKNAIIKN,P01194|COLI_RAT,YGGFMTSEKSQTPLVTLFKNAIIKN
LPGLLLF,P01230|LSHB_RAT,LPGLLLF
LPHLPGLLLF,P01230|LSHB_RAT,LPHLPGLLLF
KVPPEVLLNLILSLVH,P01237|PRL_RAT,KVPPEVLLNLILSLVH
LFDRVVML,P01237|PRL_RAT,LFDRVVML
PLFQLITGLG,P01237|PRL_RAT,PLFQLITGLG
TPLPELF,P01237|PRL_RAT,TPLPELF
TPLPELFDRVVML,P01237|PRL_RAT,TPLPELFDRVVML
DALLKNYGLL,P01244|SOMA_RAT,DALLKNYGLL
DMELLRF,P01244|SOMA_RAT,DMELLRF
F(+42.01)PAMPLSSLFANAVLRAQHLH,P01244|SOMA_RAT,F(+42.01)PAMPLSSLFANAVLRAQHLH
F(+42.01)PAMPLSSLFANAVLRAQHLHQLAAD,P01244|SOMA_RAT,F(+42.01)PAMPLSSLFANAVLRAQHLHQLAAD
FPAM(+15.99)PLSSLFANAVLR,P01244|SOMA_RAT,FPAM(+15.99)PLSSLFANAVLR
FPAM(+15.99)PLSSLFANAVLRA,P01244|SOMA_RAT,FPAM(+15.99)PLSSLFANAVLRA
FPAM(+15.99)PLSSLFANAVLRAQ,P01244|SOMA_RAT,FPAM(+15.99)PLSSLFANAVLRAQ
FPAM(+15.99)PLSSLFANAVLRAQH,P01244|SOMA_RAT,FPAM(+15.99)PLSSLFANAVLRAQH
FPAM(+15.99)PLSSLFANAVLRAQHLH,P01244|SOMA_RAT,FPAM(+15.99)PLSSLFANAVLRAQHLH
FPAM(+15.99)PLSSLFANAVLRAQHLHQL,P01244|SOMA_RAT,FPAM(+15.99)PLSSLFANAVLRAQHLHQL
FPAM(+15.99)PLSSLFANAVLRAQHLHQLA,P01244|SOMA_RAT,FPAM(+15.99)PLSSLFANAVLRAQHLHQLA
FPAM(+15.99)PLSSLFANAVLRAQHLHQLAAD,P01244|SOMA_RAT,FPAM(+15.99)PLSSLFANAVLRAQHLHQLAAD
FPAMPLS,P01244|SOMA_RAT,FPAMPLS
FPAMPLSS,P01244|SOMA_RAT,FPAMPLSS
FPAMPLSSL,P01244|SOMA_RAT,FPAMPLSSL
FPAMPLSSLF,P01244|SOMA_RAT,FPAMPLSSLF
FPAMPLSSLFA,P01244|SOMA_RAT,FPAMPLSSLFA
FPAMPLSSLFAN,P01244|SOMA_RAT,FPAMPLSSLFAN
FPAMPLSSLFANA,P01244|SOMA_RAT,FPAMPLSSLFANA
FPAMPLSSLFANAVL,P01244|SOMA_RAT,FPAMPLSSLFANAVL
FPAMPLSSLFANAVLR,P01244|SOMA_RAT,FPAMPLSSLFANAVLR
FPAMPLSSLFANAVLRA,P01244|SOMA_RAT,FPAMPLSSLFANAVLRA
FPAMPLSSLFANAVLRAQ,P01244|SOMA_RAT,FPAMPLSSLFANAVLRAQ
FPAMPLSSLFANAVLRAQH,P01244|SOMA_RAT,FPAMPLSSLFANAVLRAQH
FPAMPLSSLFANAVLRAQHL,P01244|SOMA_RAT,FPAMPLSSLFANAVLRAQHL
FPAMPLSSLFANAVLRAQHLH,P01244|SOMA_RAT,FPAMPLSSLFANAVLRAQHLH
FPAMPLSSLFANAVLRAQHLHQ,P01244|SOMA_RAT,FPAMPLSSLFANAVLRAQHLHQ
FPAMPLSSLFANAVLRAQHLHQL,P01244|SOMA_RAT,FPAMPLSSLFANAVLRAQHLHQL
FPAMPLSSLFANAVLRAQHLHQLA,P01244|SOMA_RAT,FPAMPLSSLFANAVLRAQHLHQLA
FPAMPLSSLFANAVLRAQHLHQLAA,P01244|SOMA_RAT,FPAMPLSSLFANAVLRAQHLHQLAA
FPAMPLSSLFANAVLRAQHLHQLAAD,P01244|SOMA_RAT,FPAMPLSSLFANAVLRAQHLHQLAAD
FPAMPLSSLFANAVLRAQHLHQLAADT,P01244|SOMA_RAT,FPAMPLSSLFANAVLRAQHLHQLAADT
FPAMPLSSLFANAVLRAQHLHQLAADTYK,P01244|SOMA_RAT,FPAMPLSSLFANAVLRAQHLHQLAADTYK
FPAMPLSSLFANAVLRAQHLHQLAADTYKE,P01244|SOMA_RAT,FPAMPLSSLFANAVLRAQHLHQLAADTYKE
FPAMPLSSLFANAVLRAQHLHQLAADTYKEFER,P01244|SOMA_RAT,FPAMPLSSLFANAVLRAQHLHQLAADTYKEFER
FPAMPLSSLFANAVLRAQHLHQLAADTYKEFERA,P01244|SOMA_RAT,FPAMPLSSLFANAVLRAQHLHQLAADTYKEFERA
GIQALMQELEDG,P01244|SOMA_RAT,GIQALMQELEDG
GPVQFLSRIF,P01244|SOMA_RAT,GPVQFLSRIF
GSPRIGQILKQ,P01244|SOMA_RAT,GSPRIGQILKQ
IQALMQELEDG,P01244|SOMA_RAT,IQALMQELEDG
LGPVQFL,P01244|SOMA_RAT,LGPVQFL
LKNYGLL,P01244|SOMA_RAT,LKNYGLL
PVQFLSRIF,P01244|SOMA_RAT,PVQFLSRIF
PVQFLSRIFTN,P01244|SOMA_RAT,PVQFLSRIFTN
SDDALLKNYGLL,P01244|SOMA_RAT,SDDALLKNYGLL
SLFANAVLRA,P01244|SOMA_RAT,SLFANAVLRA
SLFANAVLRAQ,P01244|SOMA_RAT,SLFANAVLRAQ
SLFANAVLRAQHLHQLAAD,P01244|SOMA_RAT,SLFANAVLRAQHLHQLAAD
SPRIGQILK,P01244|SOMA_RAT,SPRIGQILK
SPRIGQILKQ,P01244|SOMA_RAT,SPRIGQILKQ
SSLFANAVLR,P01244|SOMA_RAT,SSLFANAVLR
SSLFANAVLRAQ,P01244|SOMA_RAT,SSLFANAVLRAQ
SSLFANAVLRAQH,P01244|SOMA_RAT,SSLFANAVLRAQH
SSLFANAVLRAQHLHQLAAD,P01244|SOMA_RAT,SSLFANAVLRAQHLHQLAAD
TDMELLRF,P01244|SOMA_RAT,TDMELLRF
TNSLMFG,P01244|SOMA_RAT,TNSLMFG
TYKEFERAYIPEGQRY,P01244|SOMA_RAT,TYKEFERAYIPEGQRY
ASLDKFLASVSTVLTSKYR,P01946|HBA_RAT,ASLDKFLASVSTVLTSKYR
DFTPAMHASLDKFLASVSTVLTSKYR,P01946|HBA_RAT,DFTPAMHASLDKFLASVSTVLTSKYR
FLASVSTVLTSKYR,P01946|HBA_RAT,FLASVSTVLTSKYR
FTPAMHASLDKFLASVSTVLTSKYR,P01946|HBA_RAT,FTPAMHASLDKFLASVSTVLTSKYR
PVNFKFL,P01946|HBA_RAT,PVNFKFL
SLDKFLA,P01946|HBA_RAT,SLDKFLA
SLDKFLASVSTVLTSKYR,P01946|HBA_RAT,SLDKFLASVSTVLTSKYR
SVSTVLTSKYR,P01946|HBA_RAT,SVSTVLTSKYR
TPAMHASLDKFLA,P01946|HBA_RAT,TPAMHASLDKFLA
TPAMHASLDKFLASVSTVLTSKYR,P01946|HBA_RAT,TPAMHASLDKFLASVSTVLTSKYR
VHLTDAEKAAVN,P02091|HBB1_RAT,VHLTDAEKAAVN
VHLTDAEKAAVNG,P02091|HBB1_RAT,VHLTDAEKAAVNG
AAFQKVVAGVA,P02091|HBB1_RAT:P11517|HBB2_RAT,AAFQKVVAGVA
AAFQKVVAGVASALAHKYH,P02091|HBB1_RAT:P11517|HBB2_RAT,AAFQKVVAGVASALAHKYH
AFQKVVAGVA,P02091|HBB1_RAT:P11517|HBB2_RAT,AFQKVVAGVA
AFQKVVAGVASALAHKYH,P02091|HBB1_RAT:P11517|HBB2_RAT,AFQKVVAGVASALAHKYH
AQAAFQKVVAGVA,P02091|HBB1_RAT:P11517|HBB2_RAT,AQAAFQKVVAGVA
AQAAFQKVVAGVASALAHKYH,P02091|HBB1_RAT:P11517|HBB2_RAT,AQAAFQKVVAGVASALAHKYH
ASALAHKYH,P02091|HBB1_RAT:P11517|HBB2_RAT,ASALAHKYH
FQKVVAGVASALAHKYH,P02091|HBB1_RAT:P11517|HBB2_RAT,FQKVVAGVASALAHKYH
GLKHLDNLKG,P02091|HBB1_RAT:P11517|HBB2_RAT,GLKHLDNLKG
GVASALAHKYH,P02091|HBB1_RAT:P11517|HBB2_RAT,GVASALAHKYH
KVVAGVASALAHKYH,P02091|HBB1_RAT:P11517|HBB2_RAT,KVVAGVASALAHKYH
QAAFQKVVAGVASALAHKYH,P02091|HBB1_RAT:P11517|HBB2_RAT,QAAFQKVVAGVASALAHKYH
QKVVAGVASALAHKYH,P02091|HBB1_RAT:P11517|HBB2_RAT,QKVVAGVASALAHKYH
VHLTDAEKA,P02091|HBB1_RAT:P11517|HBB2_RAT,VHLTDAEKA
GPNLVARSKEALA,P02770|ALBU_RAT,GPNLVARSKEALA
AKVAVLGA,P04636|MDHM_RAT,AKVAVLGA
TFYLGGFS(-.98),P04652|TSHB_RAT,TFYLGGFS(-.98)
SNRVVDLMAYMASKE,P04797|G3P_RAT,SNRVVDLMAYMASKE
VKVGVNGF,P04797|G3P_RAT,VKVGVNGF
VKVGVNGFG,P04797|G3P_RAT,VKVGVNGFG
VKVGVNGFGRIG,P04797|G3P_RAT,VKVGVNGFGRIG
PHFLYPK,P05371|CLUS_RAT,PHFLYPK
SQENPNTYSEDLDV,P06300|PDYN_RAT,SQENPNTYSEDLDV
YGGFLRKYP,P06300|PDYN_RAT,YGGFLRKYP
YGGFLRKYPK,P06300|PDYN_RAT,YGGFLRKYPK
YGGFLRRI,P06300|PDYN_RAT,YGGFLRRI
YGGFLRRQFKVVT,P06300|PDYN_RAT,YGGFLRRQFKVVT
TVVGIDLG,P06761|BIP_RAT,TVVGIDLG
GVLPNIQAVLLPKK,P0CC09|H2A2A_RAT:P0C170|H2A1E_RAT:P02262|H2A1_RAT:P0C169|H2A1C_RAT:Q4FZT6|H2A3_RAT:A9UMV8|H2AJ_RAT:Q64598|H2A1F_RAT,GVLPNIQAVLLPKK
AEDQELESLSAIEAELEKVAHQLQALRR(-.98),P10354|CMGA_RAT,AEDQELESLSAIEAELEKVAHQLQALRR(-.98)
AYGFRDPGPQL,P10354|CMGA_RAT,AYGFRDPGPQL
MDQLAKELT,P10354|CMGA_RAT,MDQLAKELT
MDQLAKELTAE,P10354|CMGA_RAT,MDQLAKELTAE
WSRMDQLAKELT,P10354|CMGA_RAT,WSRMDQLAKELT
WSRMDQLAKELTAE,P10354|CMGA_RAT,WSRMDQLAKELTAE
ATLESVF,P10362|SCG2_RAT,ATLESVF
NQEQAEQGREHL,P10362|SCG2_RAT,NQEQAEQGREHL
Q(-17.03)ELGKLTGPSNQ,P10362|SCG2_RAT,Q(-17.03)ELGKLTGPSNQ
SGHLGLPDEGNRKESKDQLSEDASKVITYL,P10362|SCG2_RAT,SGHLGLPDEGNRKESKDQLSEDASKVITYL
SVFQELGKLTGPSNQ,P10362|SCG2_RAT,SVFQELGKLTGPSNQ
YEENSRENPF,P10362|SCG2_RAT,YEENSRENPF
YKVNEYQGPVAPSGGFFLFRPRN(-.98),P12760|NMU_RAT,YKVNEYQGPVAPSGGFFLFRPRN(-.98)
Q(-17.03)EPGAPAAGM,P15087|CBPE_RAT,Q(-17.03)EPGAPAAGM
Q(-17.03)EPGAPAAGM(+15.99),P15087|CBPE_RAT,Q(-17.03)EPGAPAAGM(+15.99)
SGPPVSELITKAVAA,P15865|H14_RAT,SGPPVSELITKAVAA
A(+42.01)AYKLVLIRH,P25113|PGAM1_RAT,A(+42.01)AYKLVLIRH
A(+42.01)AYKLVLIRHGE,P25113|PGAM1_RAT,A(+42.01)AYKLVLIRHGE
SVNPYLQ(-.98),P27682|7B2_RAT,SVNPYLQ(-.98)
SVNPYLQGKRLDNVV,P27682|7B2_RAT,SVNPYLQGKRLDNVV
SVNPYLQGKRLDNVVA,P27682|7B2_RAT,SVNPYLQGKRLDNVVA
SVPHFSEEEKEPE,P27682|7B2_RAT,SVPHFSEEEKEPE
VPHFSEEEKEPE,P27682|7B2_RAT,VPHFSEEEKEPE
IKMALQQEGFD,P28841|NEC2_RAT,IKMALQQEGFD
PMFIVNTNVPRA,P30904|MIF_RAT,PMFIVNTNVPRA
TAYAIYMLAMAAFPKKQN,P35171|CX7A2_RAT,TAYAIYMLAMAAFPKKQN
SAVISLEGKPL,P45592|COF1_RAT,SAVISLEGKPL
FPKPEGSQD,P47868|SCG3_RAT,FPKPEGSQD
FPKPEGSQDKSLHN,P47868|SCG3_RAT,FPKPEGSQDKSLHN
SLKPEFVDIINAKQ,P48500|TPIS_RAT,SLKPEFVDIINAKQ
GRTLYGFGG,P62804|H4_RAT,GRTLYGFGG
RTLYGFGG,P62804|H4_RAT,RTLYGFGG
TLYGFGG,P62804|H4_RAT,TLYGFGG
MQIFVKTL,P62982|RS27A_RAT:P62986|RL40_RAT:P0CG51|UBB_RAT:Q63429|UBC_RAT,MQIFVKTL
LLRALASSNARAQQ,Q792G6|GNAS3_RAT,LLRALASSNARAQQ
AVDQDLGPEVPPENVL(-.98),Q9QXU9|PCS1N_RAT,AVDQDLGPEVPPENVL(-.98)
AVDQDLGPEVPPENVLGA,Q9QXU9|PCS1N_RAT,AVDQDLGPEVPPENVLGA
AVDQDLGPEVPPENVLGAL,Q9QXU9|PCS1N_RAT,AVDQDLGPEVPPENVLGAL
AVDQDLGPEVPPENVLGALL,Q9QXU9|PCS1N_RAT,AVDQDLGPEVPPENVLGALL
AVDQDLGPEVPPENVLGALLRV,Q9QXU9|PCS1N_RAT,AVDQDLGPEVPPENVLGALLRV
AVPRGEAAGAVQELARALAHLLEAERQE,Q9QXU9|PCS1N_RAT,AVPRGEAAGAVQELARALAHLLEAERQE
LENSSPQAPA,Q9QXU9|PCS1N_RAT,LENSSPQAPA
LENSSPQAPARRLLPP,Q9QXU9|PCS1N_RAT,LENSSPQAPARRLLPP
SLSAASAPLAETSTPL,Q9QXU9|PCS1N_RAT,SLSAASAPLAETSTPL
SLSAASAPLAETSTPLRL,Q9QXU9|PCS1N_RAT,SLSAASAPLAETSTPLRL
SSEPEAAPAPRRL,Q9QXU9|PCS1N_RAT,SSEPEAAPAPRRL
